1007175539-d5c97 | http://is15.auto.ru/all/images/cc/e3/60x45/cce3ddb5.jpg |  Audi TT II (8J)2.0 AT (200 л.с.)  | #FF0000 | 890 000 |  2008  |  61 880 км  |  2.0 AT (200 л.с.)купе, бензин, передний  | Москва | 22.01.15
1007153879-2d11d | http://is2.auto.ru/all/images/18/8a/60x45/188ab334.jpg |  Audi TT II (8J)2.0 AT (211 л.с.) 4WD  | #FF9966 | 980 000 |  2009  |  34 520 км  |  2.0 AT (211 л.с.) 4WDкупе, бензин, полный  | Москва | 22.01.15
1007083439-755c54 | http://is7.auto.ru/all/images/d5/07/60x45/d5074891.jpg |  Audi TT I (8N)1.8 AT (225 л.с.) 4WD  | #FF0000 | 611 000 |  2003  |  76 000 км  |  1.8 AT (225 л.с.) 4WDкабриолет, бензин, полный  | Москва | 22.01.15
41894520-5a0a | http://is13.auto.ru/all/images/28/14/60x45/2814382d.jpg |  Audi TT I (8N) Рестайлинг1.8 AT (180 л.с.)  | #9c9999 | 530 753 |  2005  |  157 000 км  |  1.8 AT (180 л.с.)купе, бензин, передний  | Москва | 22.01.15
1007236249-dfc5e9 | http://is14.auto.ru/all/images/7d/fc/60x45/7dfcdcc0.jpg |  Audi TT II (8J)2.0 AT (211 л.с.) 4WD  | #FF9966 | 1 010 000 |  2009  |  73 900 км  |  2.0 AT (211 л.с.) 4WDкупе, бензин, полный  | Москва | 22.01.15
1007235165-aaf9d | http://is17.auto.ru/all/images/45/42/60x45/4542f81e.jpg |  Audi TT II (8J)2.0 AT (200 л.с.)  | #FFFFFF | 850 000 |  2007  |  70 000 км  |  2.0 AT (200 л.с.)купе, бензин, передний  | Саратов | 22.01.15
1007232511-c85152 | http://is16.auto.ru/all/images/50/58/60x45/5058bc6f.jpg |  Audi TT I (8N)1.8 MT (225 л.с.) 4WD  | #CACECB | 345 000 |  1999  |  285 000 км  |  1.8 MT (225 л.с.) 4WDкупе, бензин, полный  | Москва | 22.01.15
1007224967-bf39 | http://is18.auto.ru/all/images/3d/e7/60x45/3de78887.jpg |  Audi TT II (8J)2.0 AT (211 л.с.) 4WD  | #FF9966 | 1 100 000 |  2010  |  52 023 км  |  2.0 AT (211 л.с.) 4WDкупе, бензин, полный  | Москва | 22.01.15
1007222375-b9853b | http://is6.auto.ru/all/images/c3/90/60x45/c39030f4.jpg |  Audi TT II (8J) Рестайлинг2.0 AT (211 л.с.) 4WD  | #000000 | 1 400 000 |  2011  |  58 200 км  |  2.0 AT (211 л.с.) 4WDкупе, бензин, полный  | Москва | 22.01.15
1007221957-16580 | http://is15.auto.ru/all/images/f0/8b/60x45/f08bad49.jpg |  Audi TT II (8J)1.8 MT (160 л.с.)  | #CACECB | 799 900 |  2009  |  96 000 км  |  1.8 MT (160 л.с.)купе, бензин, передний  | Санкт-Петербург | 22.01.15
1003463420-c857d | http://is14.auto.ru/all/images/d6/8a/60x45/d68acd73.jpg |  Audi TT II (8J)2.0 AT (200 л.с.)  | #9c9999 | 747 000 |  2006  |  74 400 км  |  2.0 AT (200 л.с.)купе, бензин, передний  | Москва | 22.01.15
1006738157-ac33a | http://is3.auto.ru/all/images/1a/c2/60x45/1ac258e0.jpg |  Audi TT II (8J) Рестайлинг2.0 AT (211 л.с.)  | #FFFFFF | 1 850 000 |  2013  |  6 500 км  |  2.0 AT (211 л.с.)купе, бензин, передний  | Москва | 22.01.15
1006766475-55d7f | http://is18.auto.ru/all/images/4d/0b/60x45/4d0bc0b4.jpg |  Audi TT II (8J) Рестайлинг2.0 AT (211 л.с.)  | #FFFFFF | 1 899 000 |  2013  |  2 100 км  |  2.0 AT (211 л.с.)купе, бензин, передний  | Москва | 22.01.15
1007204885-4ef262 | http://is11.auto.ru/all/images/c6/33/60x45/c633e09d.jpg |  Audi TT II (8J)2.0 AT (200 л.с.)  | #0000FF | 950 000 |  2008  |  45 800 км  |  2.0 AT (200 л.с.)купе, бензин, передний  | Москва | 22.01.15
1006632061-93fca6 | http://is5.auto.ru/all/images/4f/2a/60x45/4f2ad789.jpg |  Audi TT I (8N) Рестайлинг1.8 AT (180 л.с.)  | #0000FF | 465 000 |  2004  |  115 000 км  |  1.8 AT (180 л.с.)купе, бензин, передний  | Москва | 22.01.15
1005194267-f28b5f | http://is18.auto.ru/all/images/81/22/60x45/8122cc91.jpg |  Audi TT I (8N)1.8 MT (180 л.с.) 4WD  | #34ba2b | 540 000 |  2000  |  56 000 км  |  1.8 MT (180 л.с.) 4WDкабриолет, бензин, полный  | Санкт-Петербург | 22.01.15
1007188205-ee5a3 | http://is18.auto.ru/all/images/32/87/60x45/3287799b.jpg |  Audi TT II (8J)2.0 AT (200 л.с.)  | #FF0000 | 895 000 |  2007  |  65 000 км  |  2.0 AT (200 л.с.)купе, бензин, передний  | Самара | 21.01.15
1004294419-677c5 | http://is5.auto.ru/all/images/94/70/60x45/9470bf45.jpg |  Audi TT II (8J)2.0 AT (200 л.с.)  | #000000 | 820 000 |  2008  |  108 000 км  |  2.0 AT (200 л.с.)купе, бензин, передний  | Армавир | 21.01.15
1007183487-cdd01c | http://is9.auto.ru/all/images/3c/16/60x45/3c16515d.jpg |  Audi TT II (8J)3.2 AT (250 л.с.) 4WD  | #000000 | 950 000 |  2008  |  97 000 км  |  3.2 AT (250 л.с.) 4WDкупе, бензин, полный  | Санкт-Петербург | 21.01.15
45255594-a4b046 | http://is17.auto.ru/all/images/a9/0f/60x45/a90fa890.jpg |  Audi TT II (8J) Рестайлинг2.0 AT (211 л.с.) 4WD  | #FFFFFF | 1 626 300 |  2011  |  17 142 км  |  2.0 AT (211 л.с.) 4WDкупе, бензин, полный  | Москва | 21.01.15
1006677571-f484 | http://is1.auto.ru/all/images/39/9e/60x45/399eb2dc.jpg |  Audi TT II (8J)2.0 AT (200 л.с.)  | #FF0000 | 960 000 |  2008  |  65 000 км  |  2.0 AT (200 л.с.)купе, бензин, передний  | Москва | 21.01.15
49918050-e451 | http://is10.auto.ru/all/images/a2/14/60x45/a214c2ca.jpg |  Audi TT I (8N)1.8 MT (180 л.с.)  | #000000 | 349 000 |  2000  |  110 000 км  |  1.8 MT (180 л.с.)кабриолет, бензин, передний  | Москва | 21.01.15
44301564-da865 | http://is3.auto.ru/all/images/0c/40/60x45/0c40f43a.jpg |  Audi TT I (8N)1.8 MT (225 л.с.) 4WD  | #000000 | 360 000 |  1999  |  220 000 км  |  1.8 MT (225 л.с.) 4WDкупе, бензин, полный  | Москва | 21.01.15
1003438884-eb45a5 | http://is13.auto.ru/all/images/9c/14/60x45/9c14d20d.jpg |  Audi TT I (8N)1.8 MT (225 л.с.) 4WD  | #000000 | 360 000 |  1999  |  220 000 км  |  1.8 MT (225 л.с.) 4WDкупе, бензин, полный  | Москва | 21.01.15
1007164431-94fbc | http://is18.auto.ru/all/images/bd/05/60x45/bd05d9d5.jpg |  Audi TT II (8J)3.2 AT (250 л.с.) 4WD  | #FF9966 | 850 000 |  2006  |  133 000 км  |  3.2 AT (250 л.с.) 4WDкупе, бензин, полный  | Петрозаводск | 21.01.15
48745110-f48e2c | http://is11.auto.ru/all/images/e8/e1/60x45/e8e1def6.jpg |  Audi TT II (8J) Рестайлинг2.0 AT (211 л.с.) 4WD  | #FF9966 | 1 200 000 |  2010  |  66 700 км  |  2.0 AT (211 л.с.) 4WDкупе, бензин, полный  | Белгород | 21.01.15
1007152279-65b9 | http://is6.auto.ru/all/images/43/dd/60x45/43dd7453.jpg |  Audi TT II (8J) Рестайлинг2.0 AT (211 л.с.) 4WD  | #FF0000 | 1 370 000 |  2012  |  23 000 км  |  2.0 AT (211 л.с.) 4WDкупе, бензин, полный  | Москва | 21.01.15
1007146505-37d02f | http://is18.auto.ru/all/images/3d/b1/60x45/3db1e1ac.jpg |  Audi TT I (8N) Рестайлинг1.8 MT (180 л.с.)  | #0000FF | 555 555 |  2006  |  92 456 км  |  1.8 MT (180 л.с.)купе, бензин, передний  | Москва | 21.01.15
1006369461-3dd1 | http://is2.auto.ru/all/images/b1/b6/60x45/b1b61a25.jpg |  Audi TT I (8N)1.8 MT (180 л.с.) 4WD  | #9c9999 | 340 000 |  2000  |  182 000 км  |  1.8 MT (180 л.с.) 4WDкупе, бензин, полный  | Москва | 21.01.15
1006675343-2e7e8 | http://is18.auto.ru/all/images/c8/b8/60x45/c8b84655.jpg |  Audi TT II (8J)2.0 AT (200 л.с.)  | #CACECB | 900 000 |  2010  |  74 000 км  |  2.0 AT (200 л.с.)купе, бензин, передний  | Воронеж | 20.01.15
1007108363-00ea56 | http://is16.auto.ru/all/images/e6/0c/60x45/e60c5a39.jpg |  Audi TT II (8J)3.2 AT (250 л.с.) 4WD  | #fde910 | 835 000 |  2007  |  93 000 км  |  3.2 AT (250 л.с.) 4WDкупе, бензин, полный  | Москва | 20.01.15
1002030967-a2dc | http://is18.auto.ru/all/images/a0/48/60x45/a048672e.jpg |  Audi TT I (8N)1.8 MT (225 л.с.) 4WD  | #FF0000 | 420 000 |  2001  |  250 000 км  |  1.8 MT (225 л.с.) 4WDкупе, бензин, полный  | Санкт-Петербург | 20.01.15
1006621295-dea608 | http://is16.auto.ru/all/images/2a/da/60x45/2ada2fdd.jpg |  Audi TT II (8J)2.0 AT (200 л.с.)  | #FF0000 | 992 000 |  2008  |  73 000 км  |  2.0 AT (200 л.с.)купе, бензин, передний  | Москва | 20.01.15
1007047529-cda4cc | http://is17.auto.ru/all/images/57/28/60x45/572800da.jpg |  Audi TT I (8N)1.8 MT (225 л.с.) 4WD  | #CACECB | 480 000 |  1998  |  196 000 км  |  1.8 MT (225 л.с.) 4WDкупе, бензин, полный  | Москва | 20.01.15
1007102901-6eea | http://is7.auto.ru/all/images/b9/3d/60x45/b93d02c4.jpg |  Audi TT II (8J)2.0 AT (200 л.с.)  | #FF0000 | 800 000 |  2007  |  67 000 км  |  2.0 AT (200 л.с.)купе, бензин, передний  | Москва | 20.01.15
1007061179-1331 | http://is17.auto.ru/all/images/95/98/60x45/9598b0d2.jpg |  Audi TT I (8N)1.8 MT (180 л.с.)  | #CACECB | 350 000 |  1999  |  180 000 км  |  1.8 MT (180 л.с.)купе, бензин, передний  | Москва | 20.01.15
1006986469-b56117 | http://is1.auto.ru/all/images/9c/dc/60x45/9cdc2ffe.jpg |  Audi TT I (8N)1.8 MT (180 л.с.)  | #0000FF | 310 000 |  1999  |  152 000 км  |  1.8 MT (180 л.с.)купе, бензин, передний  | Королев | 19.01.15
1007043029-02091 | http://is9.auto.ru/all/images/51/92/60x45/519248c9.jpg |  Audi TT II (8J) Рестайлинг2.0 AT (211 л.с.) 4WD  | #0000FF | 1 625 900 |  2011  |  26 447 км  |  2.0 AT (211 л.с.) 4WDкупе, бензин, полный  | Москва | 19.01.15
1007041887-57c306 | http://is5.auto.ru/all/images/5b/4c/60x45/5b4c2d16.jpg |  Audi TT I (8N)1.8 MT (180 л.с.)  | #CACECB | 340 000 |  1999  |  250 000 км  |  1.8 MT (180 л.с.)купе, бензин, передний  | Москва | 19.01.15
1006741737-62c296 | http://is17.auto.ru/all/images/76/d2/60x45/76d25d37.jpg |  Audi TT I (8N)1.8 MT (180 л.с.)  | #000000 | 360 000 |  2000  |  219 000 км  |  1.8 MT (180 л.с.)купе, бензин, передний  | Москва | 19.01.15
1003849844-73fee6 | http://is9.auto.ru/all/images/4e/ef/60x45/4eefd2a0.jpg |  Audi TT II (8J) Рестайлинг2.0 AT (211 л.с.) 4WD  | #FFFFFF | 1 850 000 |  2013  |  5 000 км  |  2.0 AT (211 л.с.) 4WDродстер, бензин, полный  | Москва | 18.01.15
1006981217-adbd | http://is18.auto.ru/all/images/d4/74/60x45/d4741963.jpg |  Audi TT II (8J)2.0 AT (200 л.с.) 4WD  | #FF9966 | 1 150 000 |  2009  |  49 600 км  |  2.0 AT (200 л.с.) 4WDкупе, бензин, полный  | Москва | 18.01.15
1006983269-f9bc | /i/all7/img/no-photo-thumb.gif |  Audi TT I (8N)1.8 MT (180 л.с.) 4WD  | #0000FF | 350 000 |  2000  |  108 000 км  |  1.8 MT (180 л.с.) 4WDкупе, бензин, полный  | Москва | 18.01.15
1006980679-baa744 | http://is16.auto.ru/all/images/37/c3/60x45/37c3d65c.jpg |  Audi TT I (8N)1.8 MT (225 л.с.) 4WD  | #34ba2b | 525 000 |  2000  |  117 000 км  |  1.8 MT (225 л.с.) 4WDкабриолет, бензин, полный  | Санкт-Петербург | 18.01.15
1006742015-613a69 | http://is18.auto.ru/all/images/b9/57/60x45/b95727e2.jpg |  Audi TT II (8J)2.0 AT (200 л.с.)  | #FF0000 | 770 000 |  2007  |  106 000 км  |  2.0 AT (200 л.с.)купе, бензин, передний  | Санкт-Петербург | 18.01.15
1006935907-d776 | http://is16.auto.ru/all/images/c6/62/60x45/c6626d7a.jpg |  Audi TT I (8N)1.8 MT (180 л.с.)  | #FF0000 | 430 000 |  2001  |  190 000 км  |  1.8 MT (180 л.с.)купе, бензин, передний  | Вологда | 17.01.15
1006461375-63d3 | http://is3.auto.ru/all/images/54/d5/60x45/54d5e5a5.jpg |  Audi TT I (8N)1.8 MT (225 л.с.) 4WD  | #000000 | 500 000 |  2001  |  140 000 км  |  1.8 MT (225 л.с.) 4WDкупе, бензин, полный  | Москва | 17.01.15
1006935013-c11f | http://is7.auto.ru/all/images/f8/1a/60x45/f81a49f6.jpg |  Audi TT I (8N)1.8 AT (180 л.с.)  | #CACECB | 450 000 |  2003  |  8 км  |  1.8 AT (180 л.с.)купе, бензин, передний  | Санкт-Петербург | 17.01.15
1006932395-a1f4f1 | http://is14.auto.ru/all/images/c5/20/60x45/c5208a82.jpg |  Audi TT II (8J) Рестайлинг2.0 AT (211 л.с.) 4WD  | #FF9966 | 1 800 000 |  2012  |  24 000 км  |  2.0 AT (211 л.с.) 4WDкупе, бензин, полный  | Москва | 17.01.15
1006688013-3cc1 | http://is6.auto.ru/all/images/bb/d1/60x45/bbd1c1e0.jpg |  Audi TT I (8N)1.8 MT (225 л.с.) 4WD  | #0088ff | 410 000 |  2000  |  150 000 км  |  1.8 MT (225 л.с.) 4WDкупе, бензин, полный  | Воронеж | 17.01.15
1005638847-ad7c9d | http://is6.auto.ru/all/images/a2/a2/60x45/a2a25571.jpg |  Audi TT I (8N)1.8 MT (180 л.с.) 4WD  | #000000 | 365 000 |  2001  |  161 716 км  |  1.8 MT (180 л.с.) 4WDкупе, бензин, полный  | Москва | 17.01.15
46980878-9c16b | http://is4.auto.ru/all/images/31/40/60x45/3140c678.jpg |  Audi TT I (8N)1.8 MT (225 л.с.) 4WD  | #9c9999 | 515 000 |  2002  |  119 000 км  |  1.8 MT (225 л.с.) 4WDкупе, бензин, полный  | Алексин | 17.01.15
1000335977-01b3b | http://is6.auto.ru/all/images/e7/44/60x45/e7440fcd.jpg |  Audi TT II (8J)2.0 AT (200 л.с.)  | #FF0000 | 740 000 |  2006  |  66 000 км  |  2.0 AT (200 л.с.)купе, бензин, передний  | Краснодар | 16.01.15
1006026829-d5d3ac | http://is18.auto.ru/all/images/d5/0b/60x45/d50bede9.jpg |  Audi TT II (8J)2.0 AT (211 л.с.) 4WD  | #FFCC00 | 990 000 |  2009  |  120 000 км  |  2.0 AT (211 л.с.) 4WDкупе, бензин, полный  | Москва | 16.01.15
46553982-015f0 | http://is1.auto.ru/all/images/5a/21/60x45/5a21a2f8.jpg |  Audi TT I (8N)1.8 MT (225 л.с.) 4WD  | #34ba2b | 500 000 |  2001  |  160 000 км  |  1.8 MT (225 л.с.) 4WDкабриолет, бензин, полный  | Москва | 16.01.15
1006798647-24b7 | http://is14.auto.ru/all/images/18/cf/60x45/18cf1441.jpg |  Audi TT I (8N) Рестайлинг1.8 AT (180 л.с.)  | #CACECB | 600 000 |  2004  |  120 000 км  |  1.8 AT (180 л.с.)купе, бензин, передний  | Новосибирск | 16.01.15
47786466-1d457 | http://is14.auto.ru/all/images/13/cb/60x45/13cb532b.jpg |  Audi TT I (8N)1.8 MT (225 л.с.) 4WD  | #0000FF | 450 000 |  2000  |  170 000 км  |  1.8 MT (225 л.с.) 4WDкабриолет, бензин, полный  | Москва | 15.01.15
1006815537-77af | http://is18.auto.ru/all/images/05/16/60x45/0516714c.jpg |  Audi TT II (8J)2.0 AT (200 л.с.)  | #FF0000 | 790 000 |  2006  |  75 000 км  |  2.0 AT (200 л.с.)купе, бензин, передний  | Тюмень | 15.01.15
1006812703-71574c | http://is12.auto.ru/all/images/4d/22/60x45/4d227a2c.jpg |  Audi TT II (8J)2.0 MT (200 л.с.)  | #FF0000 | 780 000 |  2007  |  54 000 км  |  2.0 MT (200 л.с.)родстер, бензин, передний  | Москва | 15.01.15
1005866001-afe114 | http://is11.auto.ru/all/images/6e/a4/60x45/6ea46c09.jpg |  Audi TT II (8J)3.2 AT (250 л.с.) 4WD  | #9c9999 | 700 000 |  2007  |  112 000 км  |  3.2 AT (250 л.с.) 4WDкупе, бензин, полный  | Москва | 15.01.15
1004238269-ce038 | http://is12.auto.ru/all/images/91/73/60x45/91731b50.jpg |  Audi TT I (8N)1.8 MT (180 л.с.)  | #000000 | 400 000 |  2001  |  134 000 км  |  1.8 MT (180 л.с.)купе, бензин, передний  | Нижний Новгород | 15.01.15
1003435272-b24b | http://is5.auto.ru/all/images/dc/f3/60x45/dcf36952.jpg |  Audi TT III (8S)2.0 AT (230 л.с.) 4WD  | #FFFFFF | 2 399 999 |  2014  |  1 111 км  |  2.0 AT (230 л.с.) 4WDкупе, бензин, полный  | Москва | 15.01.15
1003484838-938e43 | http://is15.auto.ru/all/images/43/e1/60x45/43e17856.jpg |  Audi TT III (8S)2.0 AT (230 л.с.) 4WD  | #FFFFFF | 2 499 999 |  2014  |  1 111 км  |  2.0 AT (230 л.с.) 4WDкупе, бензин, полный  | Москва | 15.01.15
47903640-40d4 | http://is12.auto.ru/all/images/79/f0/60x45/79f0a81f.jpg |  Audi TT II (8J)2.0 AT (200 л.с.)  | #FF0000 | 819 448 |  2008  |  115 000 км  |  2.0 AT (200 л.с.)купе, бензин, передний  | Санкт-Петербург | 15.01.15
1006754603-9ded2 | http://is13.auto.ru/all/images/5b/03/60x45/5b03c267.jpg |  Audi TT II (8J)2.0 MT (200 л.с.)  | #FF0000 | 675 000 |  2007  |  87 000 км  |  2.0 MT (200 л.с.)купе, бензин, передний  | Москва | 15.01.15
41038800-2226 | http://is13.auto.ru/all/images/93/dc/60x45/93dc492a.jpg |  Audi TT I (8N)1.8 MT (180 л.с.)  | #CACECB | 335 000 |  2000  |  10 000 км  |  1.8 MT (180 л.с.)купе, бензин, передний  | Белгород | 15.01.15
1006206775-c92e | http://is9.auto.ru/all/images/42/96/60x45/42961ecf.jpg |  Audi TT I (8N)1.8 MT (180 л.с.)  | #9c9999 | 450 000 |  1999  |  150 000 км  |  1.8 MT (180 л.с.)купе, бензин, передний  | Краснодар | 14.01.15
1005524849-6e848 | http://is3.auto.ru/all/images/ed/0e/60x45/ed0e326c.jpg |  Audi TT I (8N)1.8 AT (180 л.с.)  | #0000FF | 435 000 |  2003  |  136 000 км  |  1.8 AT (180 л.с.)купе, бензин, передний  | Москва | 14.01.15
1004497597-f95f | http://is3.auto.ru/all/images/43/06/60x45/4306ca2e.jpg |  Audi TT II (8J)2.0 AT (200 л.с.)  | #FFFFFF | 999 000 |  2008  |  70 000 км  |  2.0 AT (200 л.с.)купе, бензин, передний  | Михайловка | 14.01.15
1006576691-a2ca6 | http://is17.auto.ru/all/images/26/e7/60x45/26e7ccc7.jpg |  Audi TT I (8N)1.8 MT (180 л.с.)  | #CACECB | 350 000 |  1998  |  170 000 км  |  1.8 MT (180 л.с.)купе, бензин, передний  | Орел | 14.01.15
1005976991-1bed3 | http://is8.auto.ru/all/images/68/4b/60x45/684b3c42.jpg |  Audi TT II (8J) Рестайлинг2.0 AT (211 л.с.) 4WD  | #FF0000 | 1 999 000 |  2013  |  8 000 км  |  2.0 AT (211 л.с.) 4WDкупе, бензин, полный  | Москва | 14.01.15
50334494-1051cd | http://is2.auto.ru/all/images/8a/b4/60x45/8ab4df88.jpg |  Audi TT II (8J)3.2 AT (250 л.с.) 4WD  | #FFFFFF | 715 000 |  2006  |  117 500 км  |  3.2 AT (250 л.с.) 4WDкупе, бензин, полный  | Москва | 13.01.15
1000125044-2d2b | http://is7.auto.ru/all/images/58/e9/60x45/58e99376.jpg |  Audi TT II (8J)2.0 AT (211 л.с.) 4WD  | #9c9999 | 1 966 674 |  2010  |  41 000 км  |  2.0 AT (211 л.с.) 4WDкупе, бензин, полный  | Минск | 13.01.15
1006630699-3b5b8 | http://is10.auto.ru/all/images/66/9a/60x45/669aa45d.jpg |  Audi TT I (8N) Рестайлинг1.8 MT (225 л.с.) 4WD  | #CACECB | 625 000 |  2005  |  81 000 км  |  1.8 MT (225 л.с.) 4WDкупе, бензин, полный  | Москва | 12.01.15
1004947235-c711 | http://is5.auto.ru/all/images/f1/58/60x45/f1586565.jpg |  Audi TT I (8N)1.8 MT (180 л.с.) 4WD  | #FFFFFF | 350 000 |  2001  |  220 000 км  |  1.8 MT (180 л.с.) 4WDкупе, бензин, полный  | Москва | 12.01.15
42997792-dab8 | http://is18.auto.ru/all/images/25/00/60x45/25003c6a.jpg |  Audi TT II (8J)2.0 AT (211 л.с.) 4WD  | #FF9966 | 1 010 000 |  2009  |  80 000 км  |  2.0 AT (211 л.с.) 4WDкупе, бензин, полный  | Москва | 12.01.15
1004144219-215def | http://is11.auto.ru/all/images/e0/63/60x45/e0637663.jpg |  Audi TT I (8N)1.8 MT (225 л.с.) 4WD  | #000000 | 450 000 |  2001  |  150 000 км  |  1.8 MT (225 л.с.) 4WDкупе, бензин, полный  | Ростов-на-Дону | 12.01.15
1003122032-9517 | http://is18.auto.ru/all/images/93/e3/60x45/93e331dc.jpg |  Audi TT I (8N)1.8 AT (180 л.с.)  | #CACECB | 450 000 |  2003  |  167 000 км  |  1.8 AT (180 л.с.)купе, бензин, передний  | Воронеж | 12.01.15
45967712-be4cf0 | http://is12.auto.ru/all/images/26/bf/60x45/26bf0a80.jpg |  Audi TT II (8J)2.0 AT (200 л.с.)  | #FFFFFF | 1 050 000 |  2007  |  22 700 км  |  2.0 AT (200 л.с.)родстер, бензин, передний  | Санкт-Петербург | 12.01.15
37146498-30f0c0 | http://is9.auto.ru/all/images/d4/6c/60x45/d46c82fa.jpg |  Audi TT II (8J)3.2 AT (250 л.с.) 4WD  | #000000 | 850 000 |  2007  |  88 000 км  |  3.2 AT (250 л.с.) 4WDкупе, бензин, полный  | Москва | 12.01.15
1006576385-1bcf0f | /i/all7/img/no-photo-thumb.gif |  Audi TT I (8N)1.8 MT (225 л.с.) 4WD  | #FF0000 | 300 000 |  2002  |  100 000 км  |  1.8 MT (225 л.с.) 4WDкабриолет, бензин, полный  | Москва | 12.01.15
48284890-98bf1 | http://is2.auto.ru/all/images/c0/19/60x45/c01938db.jpg |  Audi TT II (8J)3.2 AT (250 л.с.) 4WD  | #ffefd5 | 900 000 |  2007  |  68 100 км  |  3.2 AT (250 л.с.) 4WDкупе, бензин, полный  | Москва | 11.01.15
37336842-81f6d | http://is17.auto.ru/all/images/2b/99/60x45/2b99484c.jpg |  Audi TT I (8N)1.8 AT (180 л.с.)  | #CACECB | 470 000 |  2003  |  125 000 км  |  1.8 AT (180 л.с.)купе, бензин, передний  | Москва | 10.01.15
1006467937-0df6ca | http://is18.auto.ru/all/images/f9/77/60x45/f9773e74.jpg |  Audi TT I (8N)1.8 MT (180 л.с.)  | #0000FF | 390 000 |  1999  |  220 000 км  |  1.8 MT (180 л.с.)купе, бензин, передний  | Новомосковск | 10.01.15
1006213165-e7c67a | http://is4.auto.ru/all/images/50/39/60x45/503911c4.jpg |  Audi TT I (8N)1.8 MT (180 л.с.) 4WD  | #000000 | 380 000 |  2001  |  130 000 км  |  1.8 MT (180 л.с.) 4WDкупе, бензин, полный  | Санкт-Петербург | 09.01.15
1006463571-09eb7 | http://is12.auto.ru/all/images/3d/8b/60x45/3d8b60bd.jpg |  Audi TT I (8N) Рестайлинг1.8 AT (180 л.с.)  | #FF0000 | 385 000 |  2003  |  130 000 км  |  1.8 AT (180 л.с.)купе, бензин, передний  | Санкт-Петербург | 09.01.15
49341734-6279f | http://is7.auto.ru/all/images/1f/7c/60x45/1f7c6305.jpg |  Audi TT II (8J)2.0 AT (200 л.с.)  | #000000 | 850 000 |  2006  |  65 000 км  |  2.0 AT (200 л.с.)купе, бензин, передний  | Москва | 09.01.15
1001834557-ba2e | http://is16.auto.ru/all/images/90/2b/60x45/902b0e96.jpg |  Audi TT I (8N)1.8 MT (180 л.с.)  | #CACECB | 495 000 |  2001  |  170 000 км  |  1.8 MT (180 л.с.)купе, бензин, передний  | Симферополь | 08.01.15
1006317857-70015 | http://is16.auto.ru/all/images/0f/7f/60x45/0f7fca9b.jpg |  Audi TT II (8J)3.2 AT (250 л.с.) 4WD  | #FF0000 | 1 000 000 |  2008  |  35 000 км  |  3.2 AT (250 л.с.) 4WDродстер, бензин, полный  | Краснодар | 06.01.15
1001693363-c637f | http://is16.auto.ru/all/images/2b/a2/60x45/2ba2b1a8.jpg |  Audi TT I (8N)1.8 AT (180 л.с.)  | #FF0000 | 629 000 |  2005  |  57 000 км  |  1.8 AT (180 л.с.)купе, бензин, передний  | Брянск | 06.01.15
1006315175-10c4 | http://is12.auto.ru/all/images/7d/31/60x45/7d3163c6.jpg |  Audi TT I (8N)1.8 MT (180 л.с.)  | #0000FF | 420 000 |  2000  |  238 000 км  |  1.8 MT (180 л.с.)купе, бензин, передний  | Руза | 06.01.15
1003129248-d246d9 | http://is16.auto.ru/all/images/6b/70/60x45/6b707e53.jpg |  Audi TT II (8J)2.0 AT (200 л.с.)  | #34ba2b | 995 000 |  2008  |  43 000 км  |  2.0 AT (200 л.с.)купе, бензин, передний  | Москва | 06.01.15
1006267583-1c556c | http://is11.auto.ru/all/images/43/c8/60x45/43c893c5.jpg |  Audi TT I (8N)1.8 MT (180 л.с.)  | #0000FF | 400 000 |  1999  |  230 000 км  |  1.8 MT (180 л.с.)купе, бензин, передний  | Ростов-на-Дону | 05.01.15
1006212261-67b78 | http://is16.auto.ru/all/images/dc/fa/60x45/dcfae439.jpg |  Audi TT I (8N)1.8 AT (180 л.с.)  | #FF0000 | 500 000 |  2003  |  111 111 км  |  1.8 AT (180 л.с.)купе, бензин, передний  | Москва | 04.01.15
1005976445-338913 | http://is6.auto.ru/all/images/aa/00/60x45/aa00beb1.jpg |  Audi TT II (8J)2.0 AT (200 л.с.)  | #9966CC | 995 000 |  2008  |  28 771 км  |  2.0 AT (200 л.с.)купе, бензин, передний  | Самара | 04.01.15
1003851250-fb4207 | http://is16.auto.ru/all/images/f6/bd/60x45/f6bdd513.jpg |  Audi TT II (8J)3.2 AT (250 л.с.) 4WD  | #000000 | 715 000 |  2006  |  81 600 км  |  3.2 AT (250 л.с.) 4WDкупе, бензин, полный  | Москва | 04.01.15
1002157723-a7b90 | http://is15.auto.ru/all/images/f0/8a/60x45/f08ae48f.jpg |  Audi TT I (8N)1.8 MT (180 л.с.)  | #CACECB | 320 000 |  1999  |  195 000 км  |  1.8 MT (180 л.с.)купе, бензин, передний  | Тольятти | 03.01.15
1005817257-610e | http://is13.auto.ru/all/images/49/98/60x45/49986c44.jpg |  Audi TT I (8N)1.8 MT (180 л.с.)  | #CACECB | 350 000 |  1999  |  176 000 км  |  1.8 MT (180 л.с.)купе, бензин, передний  | Сыктывкар | 03.01.15
1001307689-0f6b | http://is4.auto.ru/all/images/64/21/60x45/6421990f.jpg |  Audi TT II (8J)2.0 AT (200 л.с.)  | #000000 | 770 000 |  2007  |  100 000 км  |  2.0 AT (200 л.с.)купе, бензин, передний  | Великие Луки | 02.01.15
1006110333-e4ce14 | http://is14.auto.ru/all/images/9b/32/60x45/9b32e702.jpg |  Audi TT II (8J)2.0 AT (200 л.с.)  | #FF0000 | 750 000 |  2007  |  90 000 км  |  2.0 AT (200 л.с.)купе, бензин, передний  | Смоленск | 02.01.15
48270782-5674 | http://is5.auto.ru/all/images/5d/ff/60x45/5dff9d1d.jpg |  Audi TT II (8J)2.0 AT (200 л.с.) 4WD  | #FF9966 | 1 080 000 |  2009  |  67 000 км  |  2.0 AT (200 л.с.) 4WDкупе, бензин, полный  | Санкт-Петербург | 01.01.15
1006023687-a280e | http://is7.auto.ru/all/images/d5/f8/60x45/d5f8fec3.jpg |  Audi TT II (8J)3.2 AT (250 л.с.) 4WD  | #000000 | 850 000 |  2007  |  91 000 км  |  3.2 AT (250 л.с.) 4WDкупе, бензин, полный  | Екатеринбург | 31.12.14
48051892-4550bb | http://is16.auto.ru/all/images/ec/c4/60x45/ecc442d6.jpg |  Audi TT II (8J)2.0 AT (200 л.с.)  | #FF0000 | 950 000 |  2008  |  80 000 км  |  2.0 AT (200 л.с.)купе, бензин, передний  | Москва | 29.12.14
1001377219-f7d36b | http://is17.auto.ru/all/images/56/91/60x45/56912409.jpg |  Audi TT I (8N)1.8 MT (180 л.с.)  | #FF0000 | 299 000 |  1999  |  120 000 км  |  1.8 MT (180 л.с.)купе, бензин, передний  | Нижний Новгород | 28.12.14
1005810929-d817ec | http://is6.auto.ru/all/images/1a/ba/60x45/1aba81e1.jpg |  Audi TT I (8N)1.8 MT (180 л.с.)  | #000000 | 310 000 |  1998  |  179 000 км  |  1.8 MT (180 л.с.)купе, бензин, передний  | Мичуринск | 27.12.14
1004563955-8be09 | http://is4.auto.ru/all/images/bd/15/60x45/bd15d077.jpg |  Audi TT II (8J) Рестайлинг2.0 AT (211 л.с.) 4WD  | #000000 | 1 450 000 |  2012  |  35 000 км  |  2.0 AT (211 л.с.) 4WDкупе, бензин, полный  | Москва | 27.12.14
50120812-7450 | http://is2.auto.ru/all/images/8a/00/60x45/8a008fc7.jpg |  Audi TT II (8J) Рестайлинг2.0 AT (211 л.с.) 4WD  | #FF0000 | 1 400 000 |  2011  |  45 000 км  |  2.0 AT (211 л.с.) 4WDкупе, бензин, полный  | Краснодар | 26.12.14
1005750817-01fa | http://is8.auto.ru/all/images/e5/87/60x45/e587ee19.jpg |  Audi TT II (8J)3.2 AT (250 л.с.) 4WD  | #000000 | 880 000 |  2007  |  26 000 км  |  3.2 AT (250 л.с.) 4WDкупе, бензин, полный  | Махачкала | 26.12.14
1005730987-a1428b | /i/all7/img/no-photo-thumb.gif |  Audi TT II (8J)2.0 AT (200 л.с.) 4WD  | #FF9966 | 1 080 000 |  2009  |  67 000 км  |  2.0 AT (200 л.с.) 4WDкупе, бензин, полный  | Санкт-Петербург | 26.12.14
1005711275-adce8 | http://is16.auto.ru/all/images/32/f6/60x45/32f6514e.jpg |  Audi TT II (8J)3.2 AT (250 л.с.) 4WD  | #000000 | 999 999 |  2008  |  93 000 км  |  3.2 AT (250 л.с.) 4WDкупе, бензин, полный  | Сочи | 26.12.14
35343296-03720e | http://is18.auto.ru/all/images/ac/a7/60x45/aca780d2.jpg |  Audi TT II (8J)2.0 AT (200 л.с.)  | #0000FF | 899 000 |  2007  |  73 000 км  |  2.0 AT (200 л.с.)купе, бензин, передний  | Санкт-Петербург | 26.12.14
1005711173-4fb5 | http://is13.auto.ru/all/images/46/c1/60x45/46c1f0d9.jpg |  Audi TT I (8N)1.8 MT (225 л.с.) 4WD  | #9c9999 | 485 000 |  2001  |  400 км  |  1.8 MT (225 л.с.) 4WDкупе, бензин, полный  | Ростов-на-Дону | 25.12.14
1005385627-2d0e0 | http://is2.auto.ru/all/images/a9/97/60x45/a9972209.jpg |  Audi TT I (8N)1.8 MT (225 л.с.) 4WD  | #000000 | 549 000 |  2001  |  79 750 км  |  1.8 MT (225 л.с.) 4WDкабриолет, бензин, полный  | Санкт-Петербург | 25.12.14
1005568377-5f15 | http://is3.auto.ru/all/images/83/a5/60x45/83a54ee5.jpg |  Audi TT II (8J)2.0 AT (211 л.с.) 4WD  | #FFFFFF | 1 050 000 |  2009  |  41 000 км  |  2.0 AT (211 л.с.) 4WDкупе, бензин, полный  | Москва | 23.12.14
50201424-efbb26 | http://is18.auto.ru/all/images/81/2d/60x45/812d37d9.jpg |  Audi TT I (8N)1.8 MT (180 л.с.)  | #CACECB | 360 000 |  1999  |  200 000 км  |  1.8 MT (180 л.с.)купе, бензин, передний  | Санкт-Петербург | 19.12.14
43665770-6b03 | http://is8.auto.ru/all/images/12/d2/60x45/12d2d8f3.jpg |  Audi TT II (8J)2.0 AT (211 л.с.) 4WD  | #FFFFFF | 1 899 999 |  2013  |  2 600 км  |  2.0 AT (211 л.с.) 4WDкупе, бензин, полный  | Москва | 16.12.14
